{"cameraMode":{"drawMode":0,"name":"Shaded","section":"Shading Mode"},"sceneLighting":true,"audioPlay":false,"sceneViewState":{"m_AlwaysRefresh":false,"showFog":true,"showSkybox":true,"showFlares":true,"showImageEffects":true,"showParticleSystems":true,"showVisualEffectGraphs":true,"m_FxEnabled":true},"in2DMode":false,"pivot":{"x":-24.45561408996582,"y":3.2573471069335939,"z":3.7699661254882814},"rotation":{"x":0.07587140798568726,"y":0.9158185124397278,"z":-0.3356596827507019,"w":0.20700860023498536},"size":7.658975601196289,"orthographic":false}